{
  "HALProvider": {
    "Other Devices": {
      "SPARK MAX [25]": {
        "header": {
          "open": true
        }
      }
    }
  },
  "NTProvider": {
    "types": {
      "/FMSInfo": "FMSInfo",
      "/SmartDashboard/Field": "Field2d"
    },
    "windows": {
      "/SmartDashboard/Field": {
        "bottom": 544,
        "builtin": "2024 Crescendo",
        "height": 8.013679504394531,
        "left": 46,
        "right": 1088,
        "top": 36,
        "width": 16.541748046875,
        "window": {
          "visible": true
        }
      }
    }
  },
  "NetworkTables": {
    "persistent": {
      "Preferences": {
        "open": true
      }
    },
    "transitory": {
      "SwerveDrive": {
        "BL": {
          "open": true
        },
        "open": true
      }
    }
  },
  "NetworkTables Info": {
    "visible": true
  },
  "Plot": {
    "Plot <0>": {
      "plots": [
        {
          "axis": [
            {
              "autoFit": true
            }
          ],
          "backgroundColor": [
            0.0,
            0.0,
            0.0,
            0.8500000238418579
          ],
          "height": -20,
          "series": [
            {
              "color": [
                0.2980392277240753,
                0.44705885648727417,
                0.6901960968971252,
                1.0
              ],
              "id": "NT:/SwerveDrive/BL/Current Velocity"
            },
            {
              "color": [
                0.8666667342185974,
                0.5176470875740051,
                0.32156863808631897,
                1.0
              ],
              "id": "NT:/SwerveDrive/BL/Goal Velocity"
            },
            {
              "color": [
                0.3333333432674408,
                0.658823549747467,
                0.4078431725502014,
                1.0
              ],
              "id": "SPARK MAX [21]-Applied Output"
            }
          ]
        }
      ]
    },
    "Plot <1>": {
      "plots": [
        {
          "axis": [
            {
              "autoFit": true
            }
          ],
          "backgroundColor": [
            0.0,
            0.0,
            0.0,
            0.8500000238418579
          ],
          "height": -12,
          "series": [
            {
              "color": [
                0.2980392277240753,
                0.44705885648727417,
                0.6901960968971252,
                1.0
              ],
              "id": "NT:/SwerveDrive/BL/Current Angle"
            },
            {
              "color": [
                0.8666667342185974,
                0.5176470875740051,
                0.32156863808631897,
                1.0
              ],
              "id": "NT:/SwerveDrive/BL/Goal Angle"
            },
            {
              "color": [
                0.3333333432674408,
                0.658823549747467,
                0.4078431725502014,
                1.0
              ],
              "id": "SPARK MAX [25]-Applied Output"
            }
          ]
        }
      ]
    }
  }
}
