{
  "HALProvider": {
    "Other Devices": {
      "SPARK MAX [8]": {
        "header": {
          "open": true
        }
      }
    }
  },
  "NTProvider": {
    "NetworkTables": {
      "persistent": {
        "Preferences": {
          "open": true
        }
      },
      "transitory": {
        "Shuffleboard": {
          "open": true,
          "test commands": {
            "Chassis to -180": {
              "open": true
            },
            "open": true
          }
        },
        "SwerveDrive": {
          "BL": {
            "open": true
          },
          "open": true
        }
      }
    },
    "NetworkTables Info": {
      "visible": true
    },
    "Plot": {
      "Plot <0>": {
        "plots": [
          {
            "axis": [
              {
                "autoFit": true
              }
            ],
            "backgroundColor": [
              0.0,
              0.0,
              0.0,
              0.8500000238418579
            ],
            "height": -20,
            "series": [
              {
                "color": [
                  0.2980392277240753,
                  0.44705885648727417,
                  0.6901960968971252,
                  1.0
                ],
                "id": "NT:/SwerveDrive/BL/Current Velocity"
              },
              {
                "color": [
                  0.8666667342185974,
                  0.5176470875740051,
                  0.32156863808631897,
                  1.0
                ],
                "id": "NT:/SwerveDrive/BL/Goal Velocity"
              },
              {
                "color": [
                  0.3333333432674408,
                  0.658823549747467,
                  0.4078431725502014,
                  1.0
                ],
                "id": "SPARK MAX [21]-Applied Output"
              }
            ]
          }
        ],
        "window": {
          "visible": false
        }
      },
      "Plot <1>": {
        "plots": [
          {
            "axis": [
              {
                "autoFit": true
              }
            ],
            "backgroundColor": [
              0.0,
              0.0,
              0.0,
              0.8500000238418579
            ],
            "height": 0,
            "series": [
              {
                "color": [
                  0.2980392277240753,
                  0.44705885648727417,
                  0.6901960968971252,
                  1.0
                ],
                "id": "NT:/SwerveDrive/BL/Current Angle"
              },
              {
                "color": [
                  0.8666667342185974,
                  0.5176470875740051,
                  0.32156863808631897,
                  1.0
                ],
                "id": "NT:/SwerveDrive/BL/Goal Angle"
              },
              {
                "color": [
                  0.3333333432674408,
                  0.658823549747467,
                  0.4078431725502014,
                  1.0
                ],
                "id": "SPARK MAX [25]-Applied Output"
              }
            ]
          }
        ],
        "window": {
          "visible": false
        }
      }
    },
    "types": {
      "/FMSInfo": "FMSInfo",
      "/Shuffleboard/test commands/Chassis to -180": "Command",
      "/Shuffleboard/test commands/Chassis to -45": "Command",
      "/Shuffleboard/test commands/Chassis to 45": "Command",
      "/Shuffleboard/test commands/Chassis to 90": "Command",
      "/Shuffleboard/test commands/arm to -45": "Command",
      "/Shuffleboard/test commands/arm to 0": "Command",
      "/Shuffleboard/test commands/arm to 45": "Command",
      "/Shuffleboard/test commands/arm to 90": "Command",
      "/Shuffleboard/test commands/intake in": "Command",
      "/Shuffleboard/test commands/intake out": "Command",
      "/Shuffleboard/test commands/resetShooter": "Command",
      "/Shuffleboard/test commands/shoot": "Command",
      "/Shuffleboard/test commands/shooterTuning": "Command",
      "/Shuffleboard/test commands/testShooter100": "Command",
      "/Shuffleboard/test commands/testShooter50": "Command",
      "/Shuffleboard/test commands/testShooter50?": "Command",
      "/SmartDashboard/Field": "Field2d"
    },
    "windows": {
      "/Shuffleboard/test commands/arm to -45": {
        "window": {
          "visible": true
        }
      },
      "/Shuffleboard/test commands/arm to 45": {
        "window": {
          "visible": true
        }
      },
      "/Shuffleboard/test commands/arm to 90": {
        "window": {
          "visible": true
        }
      },
      "/Shuffleboard/test commands/intake in": {
        "window": {
          "visible": true
        }
      },
      "/Shuffleboard/test commands/intake out": {
        "window": {
          "visible": true
        }
      },
      "/Shuffleboard/test commands/testShooter100": {
        "window": {
          "visible": true
        }
      },
      "/Shuffleboard/test commands/testShooter50": {
        "/Shuffleboard/test commands/Chassis to -180": {
          "window": {
            "visible": true
          }
        },
        "/Shuffleboard/test commands/Chassis to 90": {
          "window": {
            "visible": true
          }
        },
        "/SmartDashboard/Field": {
          "bottom": 544,
          "builtin": "2024 Crescendo",
          "height": 8.013679504394531,
          "left": 46,
          "right": 1088,
          "top": 36,
          "width": 16.541748046875,
          "window": {
            "visible": true
          }
        },
        "window": {
          "visible": true
        }
      }
    }
  },
  "NetworkTables": {
    "transitory": {
      "Shooter Subsystem": {
        "open": true
      },
      "Shuffleboard": {
        "open": true
      },
      "SwerveDrive": {
        "open": true
      }
    }
  },
  "NetworkTables Info": {
    "visible": true
  }
}
