{
  "baseName" : "unicam",
  "uniqueName" : "unicam",
  "nickname" : "OV5647",
  "FOV" : 74.8,
  "path" : "/dev/video0",
  "cameraType" : "ZeroCopyPicam",
  "currentPipelineIndex" : 0,
  "calibrations" : [ {
    "resolution" : {
      "width" : 1920.0,
      "height" : 1080.0
    },
    "cameraIntrinsics" : {
      "rows" : 3,
      "cols" : 3,
      "type" : 6,
      "data" : [ 2143.5741474909505, 0.0, 1074.7437517217272, 0.0, 2125.1167899331053, 525.1057756899215, 0.0, 0.0, 1.0 ]
    },
    "cameraExtrinsics" : {
      "rows" : 1,
      "cols" : 5,
      "type" : 6,
      "data" : [ 0.4367803808551014, -1.7635633529255175, 0.012530369013963396, 0.04475845291542786, 5.702977323556765 ]
    },
    "perViewErrors" : [ 0.8124769101605326, 1.577338125123031, 0.9700483181014762, 1.5254893116455013, 0.9820475905739235, 2.450152659059475, 1.7195801572474962, 2.1015486380100215, 2.4362041824203566, 1.1473291926447566, 2.3497276074292346, 2.7684957114745443 ],
    "standardDeviation" : 0.6455579720924823
  }, {
    "resolution" : {
      "width" : 640.0,
      "height" : 480.0
    },
    "cameraIntrinsics" : {
      "rows" : 3,
      "cols" : 3,
      "type" : 6,
      "data" : [ 502.2209758747798, 0.0, 318.9243331945789, 0.0, 500.57868954796277, 225.63200988531025, 0.0, 0.0, 1.0 ]
    },
    "cameraExtrinsics" : {
      "rows" : 1,
      "cols" : 5,
      "type" : 6,
      "data" : [ 0.07115383842158456, -0.3272971937661685, 0.010714628543197772, -0.0027852138159206326, 0.39367351446397075 ]
    },
    "perViewErrors" : [ 0.9747117329194647, 0.7307923961060308, 0.6842440362672868, 1.2810031209903054, 0.6250123042685057, 0.6372520253780408, 0.5909754195178576, 0.7208346586575183, 0.6218996770318596, 0.63009717941282, 1.34986852506053, 1.141202265277691 ],
    "standardDeviation" : 0.26676550067283705
  } ],
  "streamIndex" : 0
}